Date,Description,Original Description,Amount,Transaction Type,Category,Account Name,Labels,Notes
2/18/2021,CHASE CREDIT CRD EPAY ON 02/18,ACH HOLD CHASE CREDIT CRD EPAY ON 02/18,225.04,debit,Credit Card Payment,Adv Plus Banking - 1705,,
2/18/2021,Amazon Purchase,AMZN Mktp US,7.44,debit,Amazon Purchases,CREDIT CARD,,
2/18/2021,Ralphs,RALPHS 0278,9.1,debit,Groceries,CREDIT CARD,,
2/17/2021,Zelle Transfer Conf# T09V3YCFQ; GEORGE RODKEY,Zelle Transfer Conf# T09V3YCFQ;                             GEORGE RODKEY,650.0,credit,Transfer,Adv Plus Banking - 1705,,
2/17/2021,Acorns Invest Des,Acorns Invest    DES:Transfer   ID:5K3XJN                    INDN:Elias Rodkey            CO ID:XXXXX42693 WEB,6.41,debit,Transfer,Adv Plus Banking - 1705,,
2/17/2021,Payment Thank You-Mobile,Payment Thank You-Mobile,225.04,credit,Credit Card Payment,CREDIT CARD,,
2/16/2021,Subscription    ,Subscription     DES:Acorns     ID:576YM1                    INDN:Elias Rodkey            CO ID:XXXXX42694 WEB,3.0,debit,Entertainment,Adv Plus Banking - 1705,,
2/15/2021,Benny's Tacos,BENNYS TACOS,10.41,debit,Restaurants,CREDIT CARD,,
2/15/2021,Uber Eats,UBER   EATS,24.79,debit,Food & Dining,CREDIT CARD,,
2/14/2021,Ralphs,RALPHS 0278,5.48,debit,Groceries,CREDIT CARD,,
2/14/2021,In-N-Out Burger,IN N OUT BURGER 117,10.02,debit,Fast Food,CREDIT CARD,,
2/14/2021,Ralphs,RALPHS 0278,30.87,debit,Groceries,CREDIT CARD,,
2/12/2021,BKOFAMERICA MOBILE 02/12 3687588246 DEPOSIT *MOBILE WA,BKOFAMERICA MOBILE 02/12 3687588246 DEPOSIT                                    *MOBILE       WA,30.0,credit,Income,Adv Plus Banking - 1705,,
2/12/2021,Amazon Purchase,AMZN Mktp US*HN5YI8JD3,7.65,debit,Amazon Purchases,CREDIT CARD,,
2/11/2021,Ralphs,RALPHS 0278,90.78,debit,Groceries,CREDIT CARD,,
2/11/2021,Amazon Purchase,AMZN Mktp US*U814T5LR3,10.9,debit,Amazon Purchases,CREDIT CARD,,
2/11/2021,Amazon Purchase,AMZN Mktp US*CO0QD8QU3,16.41,debit,Amazon Purchases,CREDIT CARD,,
2/11/2021,Amazon Purchase,AMZN Mktp US*4E9FQ81U3,17.73,debit,Amazon Purchases,CREDIT CARD,,
2/10/2021,CHASE CREDIT CRD,CHASE CREDIT CRD DES:EPAY       ID:XXXXX70053                INDN:ELIAS P RODKEY          CO ID:XXXXX39224 WEB,236.5,debit,Credit Card Payment,Adv Plus Banking - 1705,,
2/09/2021,"Online Banking Transfer Conf# 67340d71d; WILLIAMS, TAMARA","Online Banking Transfer Conf# 67340d71d;                    WILLIAMS, TAMARA",700.0,credit,Transfer,Adv Plus Banking - 1705,,
2/09/2021,DOORDASH*WACKY WOK WES WWW.DOORDASH.CA 24011341040000016715861,CHECKCARD  0209 DOORDASH*WACKY WOK WES                      WWW.DOORDASH.CA 24011341040000016715861,24.06,debit,Restaurants,Adv Plus Banking - 1705,,
2/09/2021,Payment Thank You-Mobile,Payment Thank You-Mobile,236.5,credit,Credit Card Payment,CREDIT CARD,,
2/07/2021,Vons,VONS #3058,81.87,debit,Groceries,CREDIT CARD,,
2/05/2021,Disney Plus,DisneyPLUS,6.0,debit,Subscription,CREDIT CARD,,
2/04/2021,Apple Cloud Storage,PURCHASE   0203 APPLE.COM/BILL                              866-712-7753 CA 24692161034100651481302 RECURRING,0.99,debit,Subscription,Adv Plus Banking - 1705,,
2/04/2021,Xbox Live,PAYPAL           DES:INST XFER  ID:MICROSOFT XBOX            INDN:ELIAS RODKEY            CO ID:PAYPALSI77 WEB,11.01,debit,Subscription,Adv Plus Banking - 1705,,
2/04/2021,Subscription    ,Subscription     DES:Acorns     ID:WN0RL1                    INDN:Elias Rodkey            CO ID:XXXXX42694 WEB,3.0,debit,Entertainment,Adv Plus Banking - 1705,,
2/03/2021,Ralphs,RALPHS 0278,6.67,debit,Groceries,CREDIT CARD,,
2/02/2021,Acorns Invest Des,Acorns Invest    DES:Transfer   ID:RYMV7N                    INDN:Elias Rodkey            CO ID:XXXXX42693 WEB,10.0,debit,Transfer,Adv Plus Banking - 1705,,
2/02/2021,Interest Earned,Interest Earned,0.03,credit,Interest Income,Regular Savings - 1721,,
2/02/2021,Robinhood,ROBINHOOD        DES:Funds      ID:XXXXX2049                 INDN:Elias Rodkey            CO ID:XXXXX64776 WEB,20.0,debit,Investments,Adv Plus Banking - 8815,,
2/02/2021,The Shack,THE SHACK- PLAYA DEL REY,38.38,debit,Restaurants,CREDIT CARD,,
2/02/2021,Eggs,Eggs,1.0,debit,Groceries,Venmo,,
1/31/2021,Ralphs,RALPHS 0278,28.32,debit,Groceries,CREDIT CARD,,
1/29/2021,Ralphs,RALPHS 0278,65.67,debit,Groceries,CREDIT CARD,,
1/27/2021,Venmo Payment,VENMO            DES:PAYMENT    ID:XXXXX83286                INDN:ELI RODKEY              CO ID:XXXXX81992 WEB,1405.0,debit,Transfer,Adv Plus Banking - 1705,,
1/27/2021,February rent,February rent,1405.0,debit,Mortgage & Rent,Venmo,,
1/26/2021,Online Banking transfer from CHK 8815 Confirmation# 3270845253,Online Banking transfer from CHK 8815                       Confirmation# 3270845253,500.0,credit,Transfer,Adv Plus Banking - 1705,,
1/26/2021,CHASE CREDIT CRD,CHASE CREDIT CRD DES:EPAY       ID:XXXXX31709                INDN:ELIAS P RODKEY          CO ID:XXXXX39224 WEB,138.76,debit,Credit Card Payment,Adv Plus Banking - 1705,,
1/26/2021,Online Banking transfer to CHK 1705 Confirmation# 3270845253,Online Banking transfer to CHK 1705                         Confirmation# 3270845253,500.0,debit,Transfer,Adv Plus Banking - 8815,,
1/26/2021,RAISING CANE'S #200,RAISING CANE'S #200,9.59,debit,Fast Food,CREDIT CARD,,
1/25/2021,Xbox Live,PAYPAL           DES:INST XFER  ID:SPOTIFYUSAI               INDN:ELIAS RODKEY            CO ID:PAYPALSI77 WEB,10.78,debit,Subscription,Adv Plus Banking - 1705,Subscription,Xbox live
1/25/2021,Audible.com,CHECKCARD  0124 Audible*Y22DJ2SG3                           Amzn.com/billNJ 24692161024100916532248,14.95,debit,Subscription,Adv Plus Banking - 1705,Subscription,
1/25/2021,Payment Thank You-Mobile,Payment Thank You-Mobile,138.76,credit,Credit Card Payment,CREDIT CARD,,
1/24/2021,Ralphs,RALPHS 0278,1.72,debit,Groceries,CREDIT CARD,,
1/22/2021,Disney plus,DISNEYPLUS 888-905-7888 CADISNEYPLUS,7.7,debit,Television,Discover,,
1/22/2021,Paper towel + toilet paper,Paper towel + toilet paper,8.5,debit,Shopping,Venmo,,
1/21/2021,In-N-Out Burger,IN N OUT BURGER 117,7.12,debit,Fast Food,CREDIT CARD,,
1/20/2021,Arduino kit,CHECKCARD  0119 AMZN MKTP US*8J0800VM3                      AMZN.COM/BILLWA 24431061019083333588206,65.69,debit,Hobbies,Adv Plus Banking - 1705,,
1/20/2021,Ralphs,RALPHS 0278,78.05,debit,Groceries,CREDIT CARD,,
1/19/2021,McDonald's,CHECKCARD  0117 DOORDASH*MCDONALDS                          WWW.DOORDASH.CA 24011341017000024063469,36.07,debit,Restaurants,Adv Plus Banking - 1705,,
1/19/2021,Rent help from dad,Zelle Transfer Conf# T09MZRRFS;                             GEORGE RODKEY,650.0,credit,Rental Income,Adv Plus Banking - 1705,,
1/19/2021,DISCOVER        ,DISCOVER         DES:E-PAYMENT  ID:5995                      INDN:RODKEY ELIAS            CO ID:XXXXX20270 WEB,7.7,debit,Credit Card Payment,Adv Plus Banking - 1705,,
1/19/2021,DISCOVER        ,DISCOVER         DES:E-PAYMENT  ID:5995                      INDN:RODKEY ELIAS            CO ID:XXXXX20270 WEB,15.4,debit,Credit Card Payment,Adv Plus Banking - 1705,,
1/19/2021,Ralphs,RALPHS 0278,7.65,debit,Groceries,CREDIT CARD,,
1/18/2021,Python book,Amazon Prime*AL98036V3,14.22,debit,Books,CREDIT CARD,,Beyond the basic stuff with python
1/15/2021,CHASE CREDIT CRD,CHASE CREDIT CRD DES:EPAY       ID:XXXXX68040                INDN:ELIAS P RODKEY          CO ID:XXXXX39224 WEB,395.89,debit,Credit Card Payment,Adv Plus Banking - 1705,,
1/15/2021,Directpay Full Balance,DIRECTPAY FULL BALANCE,7.7,credit,Credit Card Payment,Discover,,
1/14/2021,INTERNET PAYMENT - THANK YOU,INTERNET PAYMENT - THANK YOU,15.4,credit,Credit Card Payment,Discover,,
1/14/2021,Payment Thank You-Mobile,Payment Thank You-Mobile,395.89,credit,Credit Card Payment,CREDIT CARD,,
1/14/2021,Checked bag fee,ALASKA AIR  0272172216334,30.0,debit,Air Travel,CREDIT CARD,,
1/13/2021,Ralphs,RALPHS 0278,84.35,debit,Groceries,CREDIT CARD,,
1/11/2021,DELAURENTI FOOD AND WINE,DELAURENTI FOOD AND WINE,10.12,debit,Food & Dining,CREDIT CARD,,
1/11/2021,Rent help from mom,"Online Banking Transfer Conf# faee77743;                    WILLIAMS, TAMARA",700.0,credit,Rental Income,Adv Plus Banking - 1705,,
1/11/2021,Acorns Invest,Acorns Invest    DES:Transfer   ID:V89LSM                    INDN:Elias Rodkey            CO ID:XXXXX42693 WEB,6.79,debit,Deposit,Adv Plus Banking - 1705,,
1/08/2021,EDD income,"BANK OF AMERICA  DES:FndTrnsfr  ID:RODKEY,ELIAS,P            INDN:RODKEY,ELIAS,P          CO ID:XXXXX21694 WEB",1200.0,credit,Paycheck,Adv Plus Banking - 8815,,
1/07/2021,FRISKO FREEZE,FRISKO FREEZE,9.15,debit,Fast Food,CREDIT CARD,,
1/07/2021,Amazon Purchase,Amazon.com*OR9H23VO3,26.84,debit,Amazon Purchases,CREDIT CARD,,
1/06/2021,Gloves for tunde,SUMMIT AT SNOQUALME,43.2,debit,Clothing,CREDIT CARD,Reimbursable,Bought gloves for Tunde
1/06/2021,NORTH 47 BREWING CO.,SQ *NORTH 47 BREWING CO.,13.8,debit,Alcohol & Bars,CREDIT CARD,,
1/06/2021,WDG - KENT,WDG - KENT,15.0,debit,Groceries,CREDIT CARD,,
1/05/2021,Disney plus,DisneyPLUS,6.0,debit,Television,CREDIT CARD,,
1/05/2021,Popeye's,POPEYES 11394,10.61,debit,Restaurants,CREDIT CARD,,
1/05/2021,Robinhood,ROBINHOOD        DES:Funds      ID:XXXXX2049                 INDN:Elias Rodkey            CO ID:XXXXX64776 WEB,20.0,debit,Investments,Adv Plus Banking - 8815,,
1/05/2021,Interest Earned,Interest Earned,0.03,credit,Interest Income,Regular Savings - 1721,,
1/04/2021,Safeway,SAFEWAY #3424,7.7,debit,Groceries,CREDIT CARD,,
1/04/2021,Safeway,SAFEWAY #3424,7.7,credit,Groceries,CREDIT CARD,,
1/04/2021,Gloves,Gloves,43.5,credit,Reimbursement,Venmo,,
1/04/2021,Apple Cloud Storage,PURCHASE   0103 APPLE.COM/BILL                              866-712-7753 CA 24692161003100105977175 RECURRING,0.99,debit,Subscription,Adv Plus Banking - 1705,Subscription,
1/04/2021,Xbox Live,PAYPAL           DES:INST XFER  ID:MICROSOFT XBOX            INDN:ELIAS RODKEY            CO ID:PAYPALSI77 WEB,11.01,debit,Subscription,Adv Plus Banking - 1705,Subscription,
1/04/2021,Acorns Invest,Acorns Invest    DES:Transfer   ID:1ZY5NM                    INDN:Elias Rodkey            CO ID:XXXXX42693 WEB,10.0,debit,Deposit,Adv Plus Banking - 1705,,
1/03/2021,TACOMA SOLID WASTE,TACOMA SOLID WASTE,20.0,debit,Utilities,CREDIT CARD,Reimbursable,
1/03/2021,Safeway,SAFEWAY #3424,7.7,debit,Groceries,CREDIT CARD,,
1/03/2021,Snow time,Snow time,72.0,debit,Vacation,Venmo,,
1/01/2021,STADIUM THRIFTWAY,STADIUM THRIFTWAY,1.22,debit,Groceries,CREDIT CARD,,
1/01/2021,FRISKO FREEZE,FRISKO FREEZE,8.71,debit,Fast Food,CREDIT CARD,,
12/31/2020,WDG - KENT,WDG - KENT,15.0,debit,Groceries,CREDIT CARD,,
12/30/2020,"Online Banking Transfer Conf# 9bca6aa0f; WILLIAMS, TAMARA","Online Banking Transfer Conf# 9bca6aa0f;                    WILLIAMS, TAMARA",15.0,credit,Transfer,Adv Plus Banking - 1705,,
12/29/2020,Payment from mom,"Online Banking Transfer Conf# 9597002c6;                    WILLIAMS, TAMARA",160.0,credit,Paycheck,Adv Plus Banking - 1705,,
12/28/2020,Venmo Payment,VENMO            DES:PAYMENT    ID:XXXXX87315                INDN:ELI RODKEY              CO ID:XXXXX81992 WEB,1405.0,debit,Transfer,Adv Plus Banking - 1705,,
12/28/2020,Audible.com,CHECKCARD  1224 Audible*E40F73C23                           Amzn.com/billNJ 24692160359100024724940,14.95,debit,Books,Adv Plus Banking - 1705,,
12/28/2020,BKOFAMERICA MOBILE 12/28 3604038702 DEPOSIT *MOBILE WA,BKOFAMERICA MOBILE 12/28 3604038702 DEPOSIT                                    *MOBILE       WA,75.0,credit,Income,Adv Plus Banking - 1705,,
12/23/2020,Dick's Sporting,DICKSSPORTINGGOODS1263,27.53,debit,Sporting Goods,CREDIT CARD,,
12/23/2020,"BASS PRO STORE TACOMA, W","BASS PRO STORE TACOMA, W",44.07,debit,Shopping,CREDIT CARD,,
12/23/2020,Alaska Air,ALASKA AIR  0272171012068,30.0,debit,Air Travel,CREDIT CARD,,
12/23/2020,Amazon Purchase,AMZN Mktp US*054F262Y3,13.21,debit,Amazon Purchases,CREDIT CARD,,
12/23/2020,Fred Meyer,FRED MEYER 0390,9.38,debit,Groceries,CREDIT CARD,,
12/23/2020,Gabriel Rodkey Paid,Gabriel Rodkey Paid Eli Rodkey,257.5,credit,Reimbursement,Venmo,,
12/23/2020,CHASE CREDIT CRD,CHASE CREDIT CRD DES:EPAY       ID:XXXXX74109                INDN:ELIAS P RODKEY          CO ID:XXXXX39224 WEB,119.83,debit,Credit Card Payment,Adv Plus Banking - 1705,,
12/23/2020,Xbox Live,PAYPAL           DES:INST XFER  ID:SPOTIFYUSAI               INDN:ELIAS RODKEY            CO ID:PAYPALSI77 WEB,5.38,debit,Subscription,Adv Plus Banking - 1705,,
12/22/2020,Payment Thank You-Mobile,Payment Thank You-Mobile,119.83,credit,Credit Card Payment,CREDIT CARD,,
12/22/2020,Gabriel Rodkey Paid,Gabriel Rodkey Paid Eli Rodkey,44.07,credit,Income,Venmo,,
12/22/2020,January rent,January rent,1405.0,debit,Mortgage & Rent,Venmo,,
12/22/2020,Online Banking transfer to CHK 1705 Confirmation# 1368632193,Online Banking transfer to CHK 1705                         Confirmation# 1368632193,250.0,debit,Transfer,Adv Plus Banking - 8815,,
12/22/2020,EFT 12/22 #000347442 WITHDRWL EFT Tacoma WA,EFT             12/22 #000347442 WITHDRWL                   EFT                Tacoma        WA,257.5,debit,Gift,Adv Plus Banking - 1705,Reimbursable,Gabes order
12/22/2020,EFT 12/22 #000347442 WITHDRWL EFT Tacoma WA FEE,EFT             12/22 #000347442 WITHDRWL                   EFT                Tacoma        WA   FEE,2.5,debit,ATM Fee,Adv Plus Banking - 1705,,
12/22/2020,Online Banking transfer from CHK 8815 Confirmation# 1368632193,Online Banking transfer from CHK 8815                       Confirmation# 1368632193,250.0,credit,Transfer,Adv Plus Banking - 1705,,
12/22/2020,Online Banking transfer from SAV 1721 Confirmation# 1366891029,Online Banking transfer from SAV 1721                       Confirmation# 1366891029,500.0,credit,Transfer,Adv Plus Banking - 1705,,
12/22/2020,Online Banking transfer to CHK 1705 Confirmation# 1366891029,Online Banking transfer to CHK 1705                         Confirmation# 1366891029,500.0,debit,Transfer,Regular Savings - 1721,,
12/22/2020,Disney Plus,DISNEYPLUS 888-905-7888 CADISNEYPLUS,7.7,debit,Subscription,Discover,Subscription,
12/20/2020,Amazon Purchase,AMZN Mktp US*Y92ZV17A3,13.21,debit,Amazon Purchases,CREDIT CARD,,
12/20/2020,Beach Pizza,SQ *BEACH PIZZA WESTCHEST,31.73,debit,Fast Food,CREDIT CARD,,
12/20/2020,Amazon Purchase,AMZN Mktp US*HK3483Y63,27.55,debit,Amazon Purchases,CREDIT CARD,,
12/20/2020,Amazon Purchase,Amazon Prime*7011Z3RT3,14.22,debit,Amazon Purchases,CREDIT CARD,,
12/17/2020,Amazon Purchase,AMZN Mktp US*1U2ZP20F3,14.64,debit,Amazon Purchases,CREDIT CARD,,
12/16/2020,Glow,Glow,35.0,debit,Personal Care,Venmo,,
12/16/2020,CHASE CREDIT CRD,CHASE CREDIT CRD DES:EPAY       ID:XXXXX83107                INDN:ELIAS P RODKEY          CO ID:XXXXX39224 WEB,185.05,debit,Credit Card Payment,Adv Plus Banking - 1705,,
12/16/2020,DISCOVER        ,DISCOVER         DES:E-PAYMENT  ID:5995                      INDN:RODKEY ELIAS            CO ID:XXXXX20270 WEB,7.7,debit,Credit Card Payment,Adv Plus Banking - 1705,,
12/15/2020,Payment Thank You-Mobile,Payment Thank You-Mobile,185.05,credit,Credit Card Payment,CREDIT CARD,,
12/15/2020,Ralphs,RALPHS 0278,18.48,debit,Groceries,CREDIT CARD,,
12/15/2020,Rent help from dad,Zelle Transfer Conf# T09FT3GSP;                             GEORGE RODKEY,650.0,credit,Rental Income,Adv Plus Banking - 1705,,
12/15/2020,Directpay Full Balance,DIRECTPAY FULL BALANCE,7.7,credit,Credit Card Payment,Discover,,
12/13/2020,"365 RETAIL MARKETS, L","SQ *365 RETAIL MARKETS, L",5.33,debit,Groceries,CREDIT CARD,,
12/13/2020,Ralphs,RALPHS 0278,36.96,debit,Groceries,CREDIT CARD,,
12/12/2020,Sammy,Sammy,21.0,debit,Restaurants,Venmo,,
12/11/2020,Ready Player One Rental,Prime Video*W65CE1O23,3.99,debit,Movies & DVDs,CREDIT CARD,,
12/11/2020,DWP + gas + PDO October utilities,DWP + gas + PDO October utilities,212.05,debit,Utilities,Venmo,,
12/09/2020,"G & M Oil Company, Inc.",G&M OIL COMPANY #194,25.72,debit,Gas & Fuel,CREDIT CARD,,
12/09/2020,Ralphs,RALPHS 0278,76.4,debit,Groceries,CREDIT CARD,,
12/09/2020,In-N-Out Burger,IN N OUT BURGER 117,7.12,debit,Fast Food,CREDIT CARD,,
12/08/2020,L494426 12/08 #000972333 WITHDRWL JAGS BARBER -4944 LOS ANGELES CA FEE,L494426         12/08 #000972333 WITHDRWL                   JAGS BARBER -4944  LOS ANGELES   CA   FEE,2.5,debit,ATM Fee,Adv Plus Banking - 1705,,
12/08/2020,Rent help from mom,"Online Banking Transfer Conf# 9f2be71dc;                    WILLIAMS, TAMARA",650.0,credit,Rental Income,Adv Plus Banking - 1705,,
12/08/2020,L494426 12/08 #000972333 WITHDRWL JAGS BARBER -4944 LOS ANGELES CA,L494426         12/08 #000972333 WITHDRWL                   JAGS BARBER -4944  LOS ANGELES   CA,42.75,debit,Hair,Adv Plus Banking - 1705,,
12/07/2020,CHASE CREDIT CRD,CHASE CREDIT CRD DES:EPAY       ID:XXXXX72044                INDN:ELIAS P RODKEY          CO ID:XXXXX39224 WEB,128.87,debit,Credit Card Payment,Adv Plus Banking - 1705,,
12/07/2020,Xbox Live,PAYPAL           DES:INST XFER  ID:MICROSOFT XBOX            INDN:ELIAS RODKEY            CO ID:PAYPALSI77 WEB,11.01,debit,Subscription,Adv Plus Banking - 1705,,
12/07/2020,Apple Cloud Storage,PURCHASE   1204 APPLE.COM/BILL                              866-712-7753 CA 24692160339100715143256 RECURRING,0.99,debit,Subscription,Adv Plus Banking - 1705,,
12/07/2020,Interest Earned,Interest Earned,0.04,credit,Interest Income,Regular Savings - 1721,,
12/06/2020,Ralphs,RALPHS 0278,23.53,debit,Groceries,CREDIT CARD,,
12/06/2020,Disney Plus,DisneyPLUS,6.0,debit,Subscription,CREDIT CARD,,
12/06/2020,Payment Thank You-Mobile,Payment Thank You-Mobile,128.87,credit,Credit Card Payment,CREDIT CARD,,
12/04/2020,Home Depot,THE HOME DEPOT 6611,29.77,debit,Home Improvement,CREDIT CARD,,
12/04/2020,Ralphs,RALPHS 0278,24.07,debit,Groceries,CREDIT CARD,,
12/04/2020,Subscription    ,Subscription     DES:Acorns     ID:91NRD1                    INDN:Elias Rodkey            CO ID:XXXXX42694 WEB,3.0,debit,Entertainment,Adv Plus Banking - 1705,,
12/03/2020,Bristol Farms,BRISTOL FARMS # 04,22.37,debit,Groceries,CREDIT CARD,,
12/03/2020,Bristol Farms,BRISTOL FARMS # 04,12.68,debit,Groceries,CREDIT CARD,,
12/02/2020,Ralphs,RALPHS 0278,39.98,debit,Groceries,CREDIT CARD,,
12/02/2020,Plants Ethernet Adapter,Plants and Ethernet adapter,24.0,credit,Reimbursement,Venmo,,
12/02/2020,Robinhood,ROBINHOOD        DES:Funds      ID:XXXXX2049                 INDN:Elias Rodkey            CO ID:XXXXX64776 WEB,20.0,debit,Investments,Adv Plus Banking - 8815,,
12/02/2020,Acorns Invest,Acorns Invest    DES:Transfer   ID:SR5P2M                    INDN:Elias Rodkey            CO ID:XXXXX42693 WEB,10.0,debit,Deposit,Adv Plus Banking - 1705,,
11/30/2020,CHASE CREDIT CRD,CHASE CREDIT CRD DES:EPAY       ID:XXXXX77773                INDN:ELIAS P RODKEY          CO ID:XXXXX39224 WEB,129.52,debit,Credit Card Payment,Adv Plus Banking - 1705,,
11/30/2020,Apple Cloud Storage,PURCHASE   1127 APPLE.COM/BILL                              408-974-1010 CA 24430990332828715269598,9.99,debit,Subscription,Adv Plus Banking - 1705,,
11/29/2020,Payment Thank You-Mobile,Payment Thank You-Mobile,129.52,credit,Credit Card Payment,CREDIT CARD,,
11/26/2020,McDonald's,MCDONALD'S F13054,5.75,debit,Fast Food,CREDIT CARD,,
11/25/2020,McDonald's,MCDONALD'S F4578,6.13,debit,Fast Food,CREDIT CARD,,
11/25/2020,Audible.com,CHECKCARD  1124 Audible*5H2IG88F3                           Amzn.com/billNJ 24692160329100425444889,14.95,debit,Books,Adv Plus Banking - 1705,,
11/24/2020,FAST TRACK FOOD AND FUEL,FAST TRACK FOOD AND FUEL,12.07,debit,Food & Dining,CREDIT CARD,,
11/24/2020,ANNIE'S SANDWICHES,SQ *ANNIE'S SANDWICHES,8.62,debit,Restaurants,CREDIT CARD,,
11/24/2020,Rent,VENMO            DES:PAYMENT    ID:XXXXX36386                INDN:ELI RODKEY              CO ID:XXXXX81992 WEB,1405.0,debit,Transfer,Adv Plus Banking - 1705,,
11/23/2020,December rent,December rent,1405.0,debit,Mortgage & Rent,Venmo,,
11/23/2020,Xbox Live,PAYPAL           DES:INST XFER  ID:SPOTIFYUSAI               INDN:ELIAS RODKEY            CO ID:PAYPALSI77 WEB,5.38,debit,Subscription,Adv Plus Banking - 1705,,
11/23/2020,Chick-Fil-A,CHECKCARD  1122 DOORDASH*CHICK-FIL-A                        WWW.DOORDASH.CA 24492150327637801479984,29.41,debit,Restaurants,Adv Plus Banking - 1705,,
11/22/2020,Batteries,Batteries,7.0,debit,Electronics & Software,Venmo,,
11/22/2020,Disney Plus,DISNEYPLUS 888-905-7888 CADISNEYPLUS,7.7,debit,Subscription,Discover,,
11/21/2020,Blake Crowther Paid,Blake Crowther Paid Eli Rodkey,14.56,credit,Restaurants,Venmo,,
11/21/2020,Shack,Shack,40.0,debit,Restaurants,Venmo,,
11/20/2020,SP * MADROCK STORE,SP * MADROCK STORE,43.28,debit,Clothing,CREDIT CARD,,
11/20/2020,Acorns Invest,Acorns Invest    DES:Transfer   ID:L789WL                    INDN:Elias Rodkey            CO ID:XXXXX42693 WEB,5.92,debit,Deposit,Adv Plus Banking - 1705,,
11/18/2020,Amazon Purchase,Amazon Prime*A78GS30T3,14.22,debit,Amazon Purchases,CREDIT CARD,,
11/18/2020,Check Deposit,BKOFAMERICA MOBILE 11/18 3691365197 DEPOSIT                                    *MOBILE       WA,50.0,credit,Paycheck,Adv Plus Banking - 1705,,
11/18/2020,Check Deposit,BKOFAMERICA MOBILE 11/18 3691366865 DEPOSIT                                    *MOBILE       WA,300.0,credit,Paycheck,Adv Plus Banking - 1705,,
11/17/2020,Xbox Live,PAYPAL           DES:INST XFER  ID:MICROSOFT XBOX            INDN:ELIAS RODKEY            CO ID:PAYPALSI77 WEB,22.03,debit,Subscription,Adv Plus Banking - 1705,,
11/17/2020,DOORDASH*BUFFALO WILD WWW.DOORDASH.CA 24492150321637260791248,CHECKCARD  1116 DOORDASH*BUFFALO WILD                       WWW.DOORDASH.CA 24492150321637260791248,64.29,debit,Restaurants,Adv Plus Banking - 1705,,
11/16/2020,Amazon Purchase,AMZN Mktp US*K228C4EB3,28.46,debit,Amazon Purchases,CREDIT CARD,,
11/16/2020,DISCOVER        ,DISCOVER         DES:E-PAYMENT  ID:5995                      INDN:RODKEY ELIAS            CO ID:XXXXX20270 WEB,7.7,debit,Credit Card Payment,Adv Plus Banking - 1705,,
11/16/2020,Panda Express,CHECKCARD  1114 DOORDASH*PANDA EXPRESS                      WWW.DOORDASH.CA 24492150319637088731941,33.69,debit,Restaurants,Adv Plus Banking - 1705,,
11/16/2020,CHASE CREDIT CRD,CHASE CREDIT CRD DES:EPAY       ID:XXXXX22615                INDN:ELIAS P RODKEY          CO ID:XXXXX39224 WEB,606.49,debit,Credit Card Payment,Adv Plus Banking - 1705,,
11/16/2020,Rent help from dad,Zelle Transfer Conf# T097Z2ZP9;                             GEORGE RODKEY,650.0,credit,Rental Income,Adv Plus Banking - 1705,,
11/15/2020,Bristol Farms,BRISTOL FARMS # 04,10.99,debit,Groceries,CREDIT CARD,,
11/15/2020,Payment Thank You-Mobile,Payment Thank You-Mobile,606.49,credit,Credit Card Payment,CREDIT CARD,,
11/15/2020,Directpay Full Balance,DIRECTPAY FULL BALANCE,7.7,credit,Credit Card Payment,Discover,,
11/13/2020,Kaiser Permanente,KAISER 0803310,59.0,debit,Doctor,CREDIT CARD,,
11/13/2020,Xbox Live,PAYPAL           DES:INST XFER  ID:MICROSOFT XBOX            INDN:ELIAS RODKEY            CO ID:PAYPALSI77 WEB,66.11,debit,Subscription,Adv Plus Banking - 1705,,
11/12/2020,Rent help from mom,"Online Banking Transfer Conf# 3e55269c5;                    WILLIAMS, TAMARA",650.0,credit,Rental Income,Adv Plus Banking - 1705,,
11/11/2020,Ralphs,RALPHS 0278,79.42,debit,Groceries,CREDIT CARD,,
11/11/2020,Amazon Purchase,Amazon.com*2818M4RU1,29.51,debit,Amazon Purchases,CREDIT CARD,,
11/10/2020,Amazon Purchase,AMZN Mktp US*282923WL1,13.13,debit,Amazon Purchases,CREDIT CARD,,
11/09/2020,Brews Claws Halloween,Brews claws Halloween and then also more brews,81.0,credit,Reimbursement,Venmo,,
11/08/2020,Ralphs,RALPHS 0278,27.15,debit,Groceries,CREDIT CARD,,
11/08/2020,Trash can bet,Trash can bet,0.05,debit,Income,Venmo,,
11/08/2020,Trash at trash can,Trash at trash can,0.5,debit,Income,Venmo,,
11/08/2020,Nice,Nice,1.0,credit,Income,Venmo,,
11/08/2020,I Lost A,I lost a bet,2.0,credit,Income,Venmo,,
11/08/2020,Lit times yo,Lit times yo,0.5,debit,ATM Fee,Venmo,,
11/08/2020,Trash can,Trash can,1.05,debit,ATM Fee,Venmo,,
11/08/2020,Beta,Beta,1.0,debit,ATM Fee,Venmo,,
11/08/2020,Brews Claws A,Brews claws and a Halloween,31.0,credit,Income,Venmo,,
11/06/2020,Yard House,Yard house,22.61,debit,Food & Dining,Venmo,,
11/06/2020,Apple Cloud Storage,PURCHASE   1105 APPLE.COM/BILL                              408-974-1010 CA 24430990310828322843294,29.99,debit,Subscription,Adv Plus Banking - 1705,,
11/05/2020,RAPIDAPI - overuse payment,RAPIDAPI,13.75,debit,Hobbies,CREDIT CARD,,
11/05/2020,Disney Plus,DisneyPLUS,6.0,debit,Subscription,CREDIT CARD,,
11/05/2020,Xbox Live,PAYPAL           DES:INST XFER  ID:MICROSOFT XBOX            INDN:ELIAS RODKEY            CO ID:PAYPALSI77 WEB,11.01,debit,Subscription,Adv Plus Banking - 1705,,
11/04/2020,Ralphs,RALPHS 0278,10.65,debit,Groceries,CREDIT CARD,,
11/04/2020,Apple Cloud Storage,PURCHASE   1103 APPLE.COM/BILL                              866-712-7753 CA 24692160308100318196153 RECURRING,0.99,debit,Subscription,Adv Plus Banking - 1705,,
11/04/2020,Venmo Payment,VENMO            DES:PAYMENT    ID:XXXXX79042                INDN:ELI RODKEY              CO ID:XXXXX81992 WEB,1405.0,debit,Transfer,Adv Plus Banking - 1705,,
11/04/2020,Venmo Payment,VENMO            DES:PAYMENT    ID:XXXXX81240                INDN:ELI RODKEY              CO ID:XXXXX81992 WEB,500.64,debit,Transfer,Adv Plus Banking - 1705,,
11/04/2020,Subscription    ,Subscription     DES:Acorns     ID:HYJN91                    INDN:Elias Rodkey            CO ID:XXXXX42694 WEB,3.0,debit,Entertainment,Adv Plus Banking - 1705,,
11/03/2020,Robinhood,ROBINHOOD        DES:Funds      ID:XXXXX2049                 INDN:Elias Rodkey            CO ID:XXXXX64776 WEB,20.0,debit,Investments,Adv Plus Banking - 8815,,
11/03/2020,Interest Earned,Interest Earned,0.04,credit,Interest Income,Regular Savings - 1721,,
11/02/2020,Ralphs,RALPHS 0278,38.52,debit,Groceries,CREDIT CARD,,
11/02/2020,3 months utilities + food deliveries,3 months utilities + food deliveries,500.64,debit,Utilities,Venmo,,
11/02/2020,Pasta Night Dish,Pasta night and dish washing stuff,21.5,credit,Income,Venmo,,
11/02/2020,November rent,November rent,1405.0,debit,Mortgage & Rent,Venmo,,
11/02/2020,Online Banking transfer to CHK 1705 Confirmation# 1135786492,Online Banking transfer to CHK 1705                         Confirmation# 1135786492,1700.0,debit,Transfer,Adv Plus Banking - 8815,,
11/02/2020,Online Banking transfer from CHK 8815 Confirmation# 1135786492,Online Banking transfer from CHK 8815                       Confirmation# 1135786492,1700.0,credit,Transfer,Adv Plus Banking - 1705,,
11/02/2020,Acorns Invest,Acorns Invest    DES:Transfer   ID:3MW6KL                    INDN:Elias Rodkey            CO ID:XXXXX42693 WEB,10.0,debit,Deposit,Adv Plus Banking - 1705,,
11/01/2020,Ralphs,RALPHS 0278,35.34,debit,Groceries,CREDIT CARD,,
11/01/2020,Opping Me Off 1 For Drive,"-$1 for dropping me off at the wrong terminal, +$1 for playing Michael Bubl Christmas",10.0,credit,Income,Venmo,,
10/29/2020,Goodwill Industries,GOODWILL STORE #0011,18.0,debit,Shopping,CREDIT CARD,,
10/29/2020,Ralphs,RALPHS 0278,33.13,debit,Groceries,CREDIT CARD,,
10/28/2020,T-Shirt Warehouse,T-SHIRT WAREHOUSE,47.34,debit,Clothing,CREDIT CARD,,
10/27/2020,Groceries Last Week,Groceries last week,81.0,credit,Reimbursement,Venmo,,
10/26/2020,LA CITY PARKING METER,LA CITY PARKING METER,2.0,debit,Parking,CREDIT CARD,,
10/26/2020,Shell,SHELL OIL 12636254000,1.59,debit,Gas & Fuel,CREDIT CARD,,
10/26/2020,EDD income,"BANK OF AMERICA  DES:FndTrnsfr  ID:RODKEY,ELIAS,P            INDN:RODKEY,ELIAS,P          CO ID:XXXXX21694 WEB",1200.0,credit,Paycheck,Adv Plus Banking - 8815,,
10/26/2020,Audible.com,CHECKCARD  1024 Audible*2T11P2D10                           Amzn.com/billNJ 24692160298100831569227,14.95,debit,Books,Adv Plus Banking - 1705,,
10/25/2020,In-N-Out Burger,IN N OUT BURGER 117,12.76,debit,Fast Food,CREDIT CARD,,
10/23/2020,Xbox Live,PAYPAL           DES:INST XFER  ID:SPOTIFYUSAI               INDN:ELIAS RODKEY            CO ID:PAYPALSI77 WEB,5.38,debit,Subscription,Adv Plus Banking - 1705,,
10/22/2020,Disney Plus,DISNEYPLUS 888-905-7888 CADISNEYPLUS,7.7,debit,Subscription,Discover,,
10/21/2020,Ralphs,RALPHS 0278,175.93,debit,Groceries,CREDIT CARD,,
10/21/2020,Ralphs Run,Ralphs run 10/6,11.5,credit,Income,Venmo,,
10/21/2020,Brews Batteries,Brews and batteries,27.4,credit,Income,Venmo,,
10/21/2020,Acorns Invest,Acorns Invest    DES:Transfer   ID:X1KW9L                    INDN:Elias Rodkey            CO ID:XXXXX42693 WEB,5.05,debit,Deposit,Adv Plus Banking - 1705,,
10/21/2020,CHASE CREDIT CRD,CHASE CREDIT CRD DES:EPAY       ID:XXXXX99326                INDN:ELIAS P RODKEY          CO ID:XXXXX39224 WEB,917.37,debit,Credit Card Payment,Adv Plus Banking - 1705,,
10/20/2020,eBay,PAYPAL *BL3SELLER4U EBAY,3.27,debit,Shopping,CREDIT CARD,,
10/20/2020,Payment Thank You-Mobile,Payment Thank You-Mobile,917.37,credit,Credit Card Payment,CREDIT CARD,,
10/19/2020,Ralphs,RALPHS 0278,18.63,debit,Groceries,CREDIT CARD,,
10/19/2020,Amazon Purchase,Amazon Prime*2T4PD70R1,14.22,debit,Amazon Purchases,CREDIT CARD,,
10/18/2020,Amazon Purchase,AMZN Mktp US*2T91L5LG0,26.62,debit,Amazon Purchases,CREDIT CARD,,
10/18/2020,Amazon Purchase,Amazon.com*2T02Z8CX0,21.89,debit,Amazon Purchases,CREDIT CARD,,
10/18/2020,Amazon Purchase,AMZN Mktp US*2T8TA74P0,36.32,debit,Amazon Purchases,CREDIT CARD,,
9/22/2020,Disney Plus,DISNEYPLUS 888-905-7888 CADISNEYPLUS,7.7,debit,Subscription,Discover,,
9/08/2020,INTERNET PAYMENT - THANK YOU,INTERNET PAYMENT - THANK YOU,41.56,credit,Credit Card Payment,Discover,,
9/05/2020,LMU BOOKSTORE LOS ANGELES CA,LMU BOOKSTORE LOS ANGELES CA,41.56,debit,Books,Discover,,
8/26/2020,INTERNET PAYMENT - THANK YOU,INTERNET PAYMENT - THANK YOU,17.45,credit,Credit Card Payment,Discover,,
8/22/2020,Disney Plus,DISNEYPLUS 888-905-7888 CADISNEYPLUS,7.7,debit,Subscription,Discover,,
8/21/2020,SUSHI TAO ARCATA CA,SUSHI TAO ARCATA CA,9.75,debit,Restaurants,Discover,,
7/28/2020,INTERNET PAYMENT - THANK YOU,INTERNET PAYMENT - THANK YOU,7.7,credit,Credit Card Payment,Discover,,
7/22/2020,Disney Plus,DISNEYPLUS 888-905-7888 CADISNEYPLUS,7.7,debit,Subscription,Discover,,
7/22/2020,INTERNET PAYMENT - THANK YOU,INTERNET PAYMENT - THANK YOU,18.46,credit,Credit Card Payment,Discover,,
7/17/2020,Ralphs,RALPHS #0278 LOS ANGELES CA,18.46,debit,Groceries,Discover,,
7/15/2020,INTERNET PAYMENT - THANK YOU,INTERNET PAYMENT - THANK YOU,11.66,credit,Credit Card Payment,Discover,,
6/30/2020,Chick-Fil-A,CHICK-FIL-A #03331 CULVER CITY CA,11.66,debit,Fast Food,Discover,,
6/29/2020,INTERNET PAYMENT - THANK YOU,INTERNET PAYMENT - THANK YOU,7.7,credit,Credit Card Payment,Discover,,
6/22/2020,Disney Plus,DISNEYPLUS 888-905-7888 CADISNEYPLUS,7.7,debit,Subscription,Discover,,
6/08/2020,INTERNET PAYMENT - THANK YOU,INTERNET PAYMENT - THANK YOU,9.43,credit,Credit Card Payment,Discover,,
5/29/2020,INTERNET PAYMENT - THANK YOU,INTERNET PAYMENT - THANK YOU,93.04,credit,Credit Card Payment,Discover,,
5/28/2020,Epic Wings,EPIC WINGS CORONA CA,9.43,debit,Restaurants,Discover,,
5/25/2020,INTERNET PAYMENT - THANK YOU,INTERNET PAYMENT - THANK YOU,50.88,credit,Credit Card Payment,Discover,,
5/24/2020,Nike,NIKE.COM 800-806-6453 OR,93.04,debit,Clothing,Discover,,
5/23/2020,Lowe's,"LOWE'S OF TEMECULA, CA TEMECULA CA",24.24,debit,Home Improvement,Discover,,
5/22/2020,Waba Grill,TST* WABA GRILL - VICTOR VICTORVILLE CA,10.12,debit,Fast Food,Discover,,
5/22/2020,Disney Plus,DISNEYPLUS 888-905-7888 CADISNEYPLUS,7.7,debit,Subscription,Discover,,
5/21/2020,INTERNET PAYMENT - THANK YOU,INTERNET PAYMENT - THANK YOU,146.82,credit,Credit Card Payment,Discover,,
5/20/2020,Pick Up Stix,PICK UP STIX 759 SOUTH C CORONA CA,8.82,debit,Fast Food,Discover,,
5/19/2020,Jimmy John's,JIMMY JOHNS - 3428 NORCO CA,16.78,debit,Restaurants,Discover,,
5/17/2020,RAISING CANE'S #366 TEMECULA CA,RAISING CANE'S #366 TEMECULA CA,17.13,debit,Fast Food,Discover,,
5/17/2020,Lowe's,"LOWE'S OF TEMECULA, CA TEMECULA CA",112.91,debit,Home Improvement,Discover,,
5/15/2020,INTERNET PAYMENT - THANK YOU,INTERNET PAYMENT - THANK YOU,92.51,credit,Credit Card Payment,Discover,,
5/13/2020,INTERNET PAYMENT - THANK YOU,INTERNET PAYMENT - THANK YOU,60.1,credit,Credit Card Payment,Discover,,
5/12/2020,Ralphs,RALPHS #0278 LOS ANGELES CA,92.51,debit,Groceries,Discover,,
5/10/2020,Togo's,TOGOS - WESTCHESTER LOS ANGELES CA,13.13,debit,Restaurants,Discover,,
5/08/2020,In-N-Out Burger,IN N OUT BURGER 117 LOS ANGELES CA,23.16,debit,Fast Food,Discover,,
5/05/2020,The Toll Roads,THE TOLL ROADS OF OC 949-727-4800 CA2904738156,14.54,debit,Parking,Discover,,
5/03/2020,Ralphs,RALPHS #0278 LOS ANGELES CA,9.27,debit,Groceries,Discover,,
5/01/2020,INTERNET PAYMENT - THANK YOU,INTERNET PAYMENT - THANK YOU,149.04,credit,Credit Card Payment,Discover,,
4/27/2020,CVS,CVS/PHARMACY #08886 LOS ANGELES CA,18.06,debit,Pharmacy,Discover,,
4/27/2020,In-N-Out Burger,IN N OUT BURGER 117 LOS ANGELES CA,6.9,debit,Restaurants,Discover,,
4/24/2020,Ralphs,RALPHS #0278 LOS ANGELES CA,116.38,debit,Groceries,Discover,,
4/22/2020,Disney Plus,DISNEYPLUS 888-905-7888 CADISNEYPLUS,7.7,debit,Subscription,Discover,,
4/15/2020,INTERNET PAYMENT - THANK YOU,INTERNET PAYMENT - THANK YOU,121.1,credit,Credit Card Payment,Discover,,
4/10/2020,CASHBACK REDEMPTION,CASHBACK BONUS REDEMPTION PYMT/STMT CRDT,64.93,credit,Cash Back,Discover,,
4/08/2020,Ralphs,RALPHS #0278 LOS ANGELES CA,20.25,debit,Groceries,Discover,,
3/30/2020,Ralphs,RALPHS #0278 LOS ANGELES CA,137.83,debit,Groceries,Discover,,
3/22/2020,Ralphs,RALPHS #0278 LOS ANGELES CA,20.25,debit,Groceries,Discover,,
3/22/2020,INTERNET PAYMENT - THANK YOU,INTERNET PAYMENT - THANK YOU,126.71,credit,Credit Card Payment,Discover,,
3/22/2020,Disney Plus,DISNEYPLUS 888-905-7888 CADISNEYPLUS,7.7,debit,Subscription,Discover,,
3/16/2020,Subway,SUBWAY 00118125255 WEST CHESTER CA,35.38,debit,Fast Food,Discover,,
3/13/2020,Ralphs,RALPHS #0278 LOS ANGELES CA,86.13,debit,Groceries,Discover,,
3/13/2020,INTERNET PAYMENT - THANK YOU,INTERNET PAYMENT - THANK YOU,229.06,credit,Credit Card Payment,Discover,,
3/12/2020,Steam Games,STEAMGAMES.COM BELLEVUE WA,19.99,debit,Video Games,Discover,,
3/12/2020,Staples,STAPLES 00109512105 WESTCHESTER CA,21.89,credit,Office Supplies,Discover,,
3/12/2020,Staples,STAPLES 00109512105 WESTCHESTER CA,14.22,credit,Office Supplies,Discover,,
3/12/2020,Shake Shack,SHAKE SHACK - 1249 MARINA DEL RECA01295R,5.57,debit,Fast Food,Discover,,
3/11/2020,Firehouse Subs,FIREHOUSE SUBS #1483 YUCCA VALLEY CA,15.75,debit,Fast Food,Discover,,
3/10/2020,CAFE RIO MORENO VALLEY MORENO VALLEYCA,CAFE RIO MORENO VALLEY MORENO VALLEYCA,6.98,debit,Restaurants,Discover,,
3/09/2020,Rite Aid,RITE AID STORE - 5647 SAN DIEGO CAAPPLE PAY ENDING,2.99,debit,Pharmacy,Discover,,
3/09/2020,SUNNIE'S OCEAN BEA SAN DIEGO CA000115292150911,SQ *SUNNIE'S OCEAN BEA SAN DIEGO CA000115292150911,8.61,debit,Fast Food,Discover,,
3/07/2020,MAVERICKS SANDIEGO CA,MAVERICKS SANDIEGO CA,6.72,debit,Alcohol & Bars,Discover,,
3/06/2020,Ralphs,RALPHS #0278 LOS ANGELES CA,24.38,debit,Groceries,Discover,,
3/06/2020,Uber.com,UBER TRIP 866-576-1039 CAAPPLE PAY ENDING IN 05413,6.81,debit,Rental Car & Taxi,Discover,,
3/06/2020,Oscars Mexican Seafood,OSCARS MEXICAN SEAFOOD SAN DIEGO CA,16.45,debit,Restaurants,Discover,,
3/06/2020,Summers Sports Bar,SQ *SUMMERS SPORTS BAR REDONDO BEACHCA000115292150,13.23,debit,Alcohol & Bars,Discover,,
3/06/2020,Uber.com,UBER TRIP 866-576-1039 CAAPPLE PAY ENDING IN 05414,11.54,debit,Rental Car & Taxi,Discover,,
3/05/2020,Shake Shack,SHAKE SHACK - 1249 MARINA DEL RECA00597R,6.56,debit,Fast Food,Discover,,
3/01/2020,Fresh Market,CALIFORNIA FRESH MARKET SAN LUIS OBISCA,1.09,debit,Groceries,Discover,,
3/01/2020,Fresh Market,CALIFORNIA FRESH MARKET SAN LUIS OBISCA,5.39,debit,Groceries,Discover,,
3/01/2020,In-N-Out Burger,IN N OUT BURGER 108 GOLETA CA,9.43,debit,Fast Food,Discover,,
2/29/2020,Union 76,UNION 76 ENCINO CA,33.95,debit,Gas & Fuel,Discover,,
2/29/2020,Taqueria Santa Cruz,TAQUERIA SANTA CRUZ EXPR SAN LUIS OBISCA,9.67,debit,Restaurants,Discover,,
2/28/2020,Benny's Tacos,BENNYS TACOS LOS ANGELES CA,11.79,debit,Restaurants,Discover,,
2/28/2020,INTERNET PAYMENT - THANK YOU,INTERNET PAYMENT - THANK YOU,434.72,credit,Credit Card Payment,Discover,,
2/27/2020,Baja Sharkeez Manhattan Beach,BAJA SHARKEEZ - MANHATTA MANHATTAN BEACA,26.28,debit,Alcohol & Bars,Discover,,
2/27/2020,Baja Sharkeez Manhattan Beach,BAJA SHARKEEZ - MANHATTA MANHATTAN BEACA,27.19,debit,Alcohol & Bars,Discover,,
2/26/2020,Loyola Marymount University,LOYOLA MARYMOUNT UNIV HA LOS ANGELES CAAPPLE PAY E,7.65,debit,Tuition,Discover,,
2/25/2020,LMUBOOKSTORE LOS ANGELES CA,LMUBOOKSTORE LOS ANGELES CA,2.58,debit,Books,Discover,,
2/25/2020,Ralphs,RALPHS #0278 LOS ANGELES CA,31.19,debit,Groceries,Discover,,
2/23/2020,JAMESON'S PUB SANTA MONICA CA,JAMESON'S PUB SANTA MONICA CA,25.97,debit,Alcohol & Bars,Discover,,
2/22/2020,Vons,VONS #4021 LOS ANGELES CA,46.46,debit,Groceries,Discover,,
2/22/2020,Subway,SUBWAY 00118125255 WEST CHESTER CA,8.75,debit,Fast Food,Discover,,
2/22/2020,Disney Plus,DISNEYPLUS 888-905-7888 CADISNEYPLUS,7.7,debit,Subscription,Discover,,
2/21/2020,Staples,STAPLES 00109512105 WESTCHESTER CA,23.52,debit,Office Supplies,Discover,,
2/21/2020,Staples,STAPLES 00109512105 WESTCHESTER CA,36.11,debit,Office Supplies,Discover,,
2/20/2020,HOPDODDY LA P-V PLAYA VISTA CA02089R,HOPDODDY LA P-V PLAYA VISTA CA02089R,10.9,debit,Restaurants,Discover,,
2/20/2020,Office Depot,OFFICE DEPOT #951 CULVER CITY CA,90.18,debit,Office Supplies,Discover,,
2/20/2020,ACE Parking,ACE PARKING 2231 PLAYA VISTA CA,1.0,debit,Parking,Discover,,
2/19/2020,KALAMAKI LOS ANGELES CA0002305843012778006490,SQ *KALAMAKI LOS ANGELES CA0002305843012778006490,13.14,debit,Hair,Discover,,
2/17/2020,Ralphs,RALPHS #0278 LOS ANGELES CA,3.27,debit,Groceries,Discover,,
2/15/2020,ACE Parking,ACE PARKING 2207 LOS ANGELES CA,26.35,debit,Parking,Discover,,
2/14/2020,INTERNET PAYMENT - THANK YOU,INTERNET PAYMENT - THANK YOU,154.18,credit,Credit Card Payment,Discover,,
2/13/2020,Baja Sharkeez Manhattan Beach,BAJA SHARKEEZ - MANHATTA MANHATTAN BEACA,20.52,debit,Alcohol & Bars,Discover,,
2/12/2020,Ralphs,RALPHS #0278 LOS ANGELES CA,79.43,debit,Groceries,Discover,,
2/11/2020,Ralphs,RALPHS #0278 LOS ANGELES CA,42.32,debit,Groceries,Discover,,
2/08/2020,BONAVENTURE BREWING CO LOS ANGELES CA,BONAVENTURE BREWING CO LOS ANGELES CA,33.54,debit,Restaurants,Discover,,
2/08/2020,McDonald's,MCDONALD'S F17115 MARINA DL REYCA,11.26,debit,Fast Food,Discover,,
2/08/2020,Ralphs,RALPHS #0278 LOS ANGELES CA,65.76,debit,Groceries,Discover,,
2/06/2020,Ralphs,RALPHS #0278 LOS ANGELES CA,1.3,debit,Groceries,Discover,,
1/31/2020,INTERNET PAYMENT - THANK YOU,INTERNET PAYMENT - THANK YOU,340.65,credit,Credit Card Payment,Discover,,
1/23/2020,Sp Rowdy Gentleman,SP * ROWDY GENTLEMAN 8662929694 TX,43.25,credit,Clothing,Discover,,
1/22/2020,Disney Plus,DISNEYPLUS 888-905-7888 CADISNEYPLUS,7.7,debit,Subscription,Discover,,
1/21/2020,Subway,SUBWAY 00118125255 WEST CHESTER CA,22.91,debit,Fast Food,Discover,,
1/21/2020,INTERNET PAYMENT - THANK YOU,INTERNET PAYMENT - THANK YOU,35.0,credit,Credit Card Payment,Discover,,
1/18/2020,Home Depot,THE HOME DEPOT #6611 LOS ANGELES CA,42.05,debit,Home Improvement,Discover,,
1/18/2020,INTERNET PAYMENT - THANK YOU,INTERNET PAYMENT - THANK YOU,300.0,credit,Credit Card Payment,Discover,,
1/17/2020,Ralphs,RALPHS #0278 LOS ANGELES CA,29.08,debit,Groceries,Discover,,
1/17/2020,The Loft,LMU- HANNON LOFT LOS ANGELES CA,6.0,debit,Alcohol & Bars,Discover,,
1/14/2020,LMUBOOKSTORE LOS ANGELES CA,LMUBOOKSTORE LOS ANGELES CA,23.65,debit,Books,Discover,,
1/14/2020,LMUBOOKSTORE LOS ANGELES CA,LMUBOOKSTORE LOS ANGELES CA,326.49,debit,Books,Discover,,
1/14/2020,Shell,SHELL 57444404008 LOS ANGELES CA,36.2,debit,Gas & Fuel,Discover,,
1/13/2020,LMUBOOKSTORE LOS ANGELES CA,LMUBOOKSTORE LOS ANGELES CA,23.59,debit,Books,Discover,,
1/13/2020,Staples,2STAPLES CE14547301307 LOS ANGELES CA,15.0,debit,Office Supplies,Discover,,
1/13/2020,UNIFIED VALET PARKING 12 LOS ANGELES CA,UNIFIED VALET PARKING 12 LOS ANGELES CA,30.0,debit,Parking,Discover,,
12/28/2019,TRIPLE KNOCK TACOMA WA,TRIPLE KNOCK TACOMA WA,32.0,debit,Alcohol & Bars,Discover,,
12/24/2019,Antique Sandwich Co,ANTIQUE SANDWICH COMPANY TACOMA WA,38.51,debit,Fast Food,Discover,,
12/24/2019,TJ Maxx,TJMAXX #0604 TACOMA WA,14.32,debit,Clothing,Discover,,
12/22/2019,Disney Plus,DISNEYPLUS 888-905-7888 CADISNEYPLUS,7.7,debit,Subscription,Discover,,
12/21/2019,Walgreens,WALGREENS #11527 TACOMA WA,55.99,debit,Pharmacy,Discover,,
12/21/2019,ELKS DOCS GAME ROOM TACOMA WA,ELKS DOCS GAME ROOM TACOMA WA,7.71,debit,Alcohol & Bars,Discover,,
12/17/2019,INTERNET PAYMENT - THANK YOU,INTERNET PAYMENT - THANK YOU,54.2,credit,Credit Card Payment,Discover,,
12/11/2019,CRIMSON LION LOS ANGELES CA,CRIMSON LION LOS ANGELES CA,10.95,debit,Hair,Discover,,
12/07/2019,INTERNET PAYMENT - THANK YOU,INTERNET PAYMENT - THANK YOU,139.69,credit,Credit Card Payment,Discover,,
12/07/2019,SP * ROWDY GENTLEMAN 866-292-9694 TX,SP * ROWDY GENTLEMAN 866-292-9694 TX,43.25,debit,Clothing,Discover,,
12/04/2019,Prince of Whales,PRINCE OF WHALES PLAYA DEL REYCA,17.5,debit,Alcohol & Bars,Discover,,
12/04/2019,Prince of Whales,PRINCE OF WHALES PLAYA DEL REYCA,17.5,debit,Alcohol & Bars,Discover,,
12/04/2019,Prince of Whales,PRINCE OF WHALES PLAYA DEL REYCA,17.5,debit,Alcohol & Bars,Discover,,
11/26/2019,The Loft,LMU- HANNON LOFT LOS ANGELES CA,5.0,debit,Alcohol & Bars,Discover,,
11/23/2019,The Parlor,TST* THE PARLOR - HOLLYW LOS ANGELES CA,12.04,debit,Restaurants,Discover,,
11/23/2019,Subway,SUBWAY 00118125255 WEST CHESTER CA,14.87,debit,Fast Food,Discover,,
11/23/2019,The Parlor,TST* THE PARLOR - HOLLYW LOS ANGELES CA,12.04,debit,Restaurants,Discover,,
11/22/2019,Disney Plus,DISNEYPLUS 888-905-7888 CADISNEYPLUS,6.99,debit,Subscription,Discover,,
11/21/2019,INTERNET PAYMENT - THANK YOU,INTERNET PAYMENT - THANK YOU,108.06,credit,Credit Card Payment,Discover,,
11/20/2019,Dina's Dumplings,DINAS DUMPLING LLC PASADENA CA,16.0,debit,Restaurants,Discover,,
11/20/2019,Ralphs,RALPHS #0278 LOS ANGELES CA,20.25,debit,Groceries,Discover,,
11/18/2019,INTERNET PAYMENT - THANK YOU,INTERNET PAYMENT - THANK YOU,21.56,credit,Credit Card Payment,Discover,,
11/16/2019,IHOP,IHOP WESTCHESTER WESTCHESTER CA,54.8,debit,Restaurants,Discover,,
11/15/2019,Ralphs,RALPHS #0278 LOS ANGELES CA,63.04,debit,Groceries,Discover,,
11/14/2019,Loyola Marymount University,LOYOLA MARYMOUNT 310-338-4265 CA,10.0,debit,Education,Discover,,
11/13/2019,LMUBOOKSTORE LOS ANGELES CA,LMUBOOKSTORE LOS ANGELES CA,1.78,debit,Books,Discover,,
11/11/2019,INTERNET PAYMENT - THANK YOU,INTERNET PAYMENT - THANK YOU,53.43,credit,Credit Card Payment,Discover,,
11/03/2019,INTERNET PAYMENT - THANK YOU,INTERNET PAYMENT - THANK YOU,21.56,credit,Credit Card Payment,Discover,,
10/27/2019,INTERNET PAYMENT - THANK YOU,INTERNET PAYMENT - THANK YOU,147.8,credit,Credit Card Payment,Discover,,
10/26/2019,Ralphs,RALPHS #0278 LOS ANGELES CA,25.17,debit,Groceries,Discover,,
10/24/2019,Loyola Marymount University,LOYOLA MARYMOUNT 310-338-4265 CA,10.0,debit,Education,Discover,,
10/24/2019,Shell,SHELL 57444404008 LOS ANGELES CA,39.82,debit,Gas & Fuel,Discover,,
10/23/2019,INTERNET PAYMENT - THANK YOU,INTERNET PAYMENT - THANK YOU,21.56,credit,Credit Card Payment,Discover,,
10/22/2019,Ralphs,RALPHS #0278 LOS ANGELES CA,36.33,debit,Groceries,Discover,,
10/21/2019,Foundation Dr,B FOUNDATION 302-563-8389 DE,10.0,debit,Gifts & Donations,Discover,,
10/21/2019,INTERNET PAYMENT - THANK YOU,INTERNET PAYMENT - THANK YOU,21.56,credit,Credit Card Payment,Discover,,
10/19/2019,Knotts Berry Farm,KNOTT'S BERRY FARM ONLIN BUENA PARK CA,68.99,debit,Amusement,Discover,,
10/19/2019,Knotts Berry Farm,KNOTT'S BERRY FARM FOODS BUENA PARK CA,54.04,debit,Amusement,Discover,,
10/18/2019,SHRINE AUD 68272970937 LOS ANGELES CA,SHRINE AUD 68272970937 LOS ANGELES CA,3.0,debit,Alcohol & Bars,Discover,,
10/18/2019,KFC,KFC E791008 LOS ANGELES CA,6.56,debit,Fast Food,Discover,,
10/18/2019,MP-*CA NU 888-298-8845 CAMP-*CA NU,MP-*CA NU 888-298-8845 CAMP-*CA NU,12.0,debit,Charity,Discover,,
10/15/2019,INTERNET PAYMENT - THANK YOU,INTERNET PAYMENT - THANK YOU,142.81,credit,Credit Card Payment,Discover,,
10/13/2019,Ralphs,RALPHS #0278 LOS ANGELES CA,94.37,debit,Groceries,Discover,,
10/12/2019,Whiskey Red's,WHISKEY REDS - 2 MARINA DEL RECA,10.4,debit,Alcohol & Bars,Discover,,
10/12/2019,Panda Express,PANDA EXPRESS #171 MARINA DEL RECA,12.65,debit,Fast Food,Discover,,
10/12/2019,INTERNET PAYMENT - THANK YOU,INTERNET PAYMENT - THANK YOU,25.65,credit,Credit Card Payment,Discover,,
10/12/2019,Whiskey Red's,WHISKEY REDS - 2 MARINA DEL RECA,9.31,debit,Alcohol & Bars,Discover,,
10/11/2019,Ralphs,RALPHS #0278 LOS ANGELES CA,16.08,debit,Groceries,Discover,,
10/10/2019,Loyola Marymount University,LOYOLA MARYMOUNT UNIV HA LOS ANGELES CA,8.74,debit,Education,Discover,,
10/09/2019,LMUBOOKSTORE LOS ANGELES CA,LMUBOOKSTORE LOS ANGELES CA,16.91,debit,Books,Discover,,
10/09/2019,INTERNET PAYMENT - THANK YOU,INTERNET PAYMENT - THANK YOU,104.27,credit,Credit Card Payment,Discover,,
10/06/2019,HABIT BURGE24088973579 LOS ANGELES CA,HABIT BURGE24088973579 LOS ANGELES CA,10.8,debit,Fast Food,Discover,,
10/05/2019,Ralphs,RALPHS #0278 LOS ANGELES CA,11.77,debit,Groceries,Discover,,
10/05/2019,Ralphs,RALPHS #0278 LOS ANGELES CA,16.43,debit,Groceries,Discover,,
10/04/2019,LMUHALLBOOKSTORE LOS ANGELES CA,LMUHALLBOOKSTORE LOS ANGELES CA,4.67,debit,Books,Discover,,
10/04/2019,Union 76,UNION 76 LOS ANGELES CA,40.34,debit,Gas & Fuel,Discover,,
10/04/2019,Paradise Restaurant,PARADISE RESTAURANT BAR GARDENA CA,20.26,debit,Restaurants,Discover,,
10/04/2019,INTERNET PAYMENT - THANK YOU,INTERNET PAYMENT - THANK YOU,48.68,credit,Credit Card Payment,Discover,,
10/02/2019,Martin Gonzales,SQ *MARTIN GONZALEZ INGLEWOOD CA000115292150881742,30.0,debit,Business Services,Discover,,
10/01/2019,Ralphs,RALPHS #0278 LOS ANGELES CA,18.68,debit,Groceries,Discover,,
9/28/2019,INTERNET PAYMENT - THANK YOU,INTERNET PAYMENT - THANK YOU,181.66,credit,Credit Card Payment,Discover,,
9/22/2019,Ralphs,RALPHS #0278 LOS ANGELES CA,148.31,debit,Groceries,Discover,,
9/21/2019,Ralphs,RALPHS #0278 LOS ANGELES CA,15.92,debit,Groceries,Discover,,
9/19/2019,Baja Sharkeez,BAJA SHARKEEZ - MANHATTA MANHATTAN BEACA,17.43,debit,Alcohol & Bars,Discover,,
9/19/2019,INTERNET PAYMENT - THANK YOU,INTERNET PAYMENT - THANK YOU,65.51,credit,Credit Card Payment,Discover,,
9/17/2019,INTERNET PAYMENT - THANK YOU,INTERNET PAYMENT - THANK YOU,27.38,credit,Credit Card Payment,Discover,,
9/16/2019,Ross,ROSS STORES #1683 LOS ANGELES CA,55.82,debit,Clothing,Discover,,
9/16/2019,In-N-Out Burger,IN N OUT BURGER 117 LOS ANGELES CA,9.69,debit,Fast Food,Discover,,
9/13/2019,INTERNET PAYMENT - THANK YOU,INTERNET PAYMENT - THANK YOU,134.66,credit,Credit Card Payment,Discover,,
9/12/2019,Baja Sharkeez,BAJA SHARKEEZ - MANHATTA MANHATTAN BEACA,27.38,debit,Alcohol & Bars,Discover,,
9/08/2019,FRG*TEAMFANSHOP 855-210-8831 FL,FRG*TEAMFANSHOP 855-210-8831 FL,134.66,debit,Clothing,Discover,,
8/26/2019,INTERNET PAYMENT - THANK YOU,INTERNET PAYMENT - THANK YOU,10.0,credit,Credit Card Payment,Discover,,
8/23/2019,Caribou Coffee,CARIBOU COFFEE LOS ANGELES CA,3.06,debit,Coffee Shops,Discover,,
8/21/2019,INTERNET PAYMENT - THANK YOU,INTERNET PAYMENT - THANK YOU,82.5,credit,Credit Card Payment,Discover,,
8/19/2019,HABIT BURGE24088973579 LOS ANGELES CA,HABIT BURGE24088973579 LOS ANGELES CA,6.94,debit,Fast Food,Discover,,
8/16/2019,Jiffy Lube,JIFFY LUBE 1092 TACOMA WA,82.5,debit,Service & Parts,Discover,,
7/17/2019,INTERNET PAYMENT - THANK YOU,INTERNET PAYMENT - THANK YOU,36.0,credit,Credit Card Payment,Discover,,
7/13/2019,Roccos Tavern,ROCCO'S TAVERN WESTWOO LOS ANGELES CA,24.0,debit,Alcohol & Bars,Discover,,
7/12/2019,Roccos Tavern,ROCCO'S TAVERN WESTWOO LOS ANGELES CA,6.0,debit,Alcohol & Bars,Discover,,
7/12/2019,Roccos Tavern,ROCCO'S TAVERN WESTWOO LOS ANGELES CA,6.0,debit,Alcohol & Bars,Discover,,
7/12/2019,INTERNET PAYMENT - THANK YOU,INTERNET PAYMENT - THANK YOU,9.24,credit,Credit Card Payment,Discover,,
7/05/2019,HABIT BURGE24088973579 LOS ANGELES CA,HABIT BURGE24088973579 LOS ANGELES CA,9.24,debit,Fast Food,Discover,,
7/03/2019,INTERNET PAYMENT - THANK YOU,INTERNET PAYMENT - THANK YOU,11.5,credit,Credit Card Payment,Discover,,
6/22/2019,The Shack,THE SHACK PLAYA DEL REYCA,11.5,debit,Food & Dining,Discover,,
6/13/2019,INTERNET PAYMENT - THANK YOU,INTERNET PAYMENT - THANK YOU,89.11,credit,Credit Card Payment,Discover,,
6/07/2019,Ralphs,RALPHS #0278 LOS ANGELES CA,81.5,debit,Groceries,Discover,,
5/25/2019,In-N-Out Burger,IN N OUT BURGER 117 LOS ANGELES CA,7.61,debit,Fast Food,Discover,,
5/17/2019,INTERNET PAYMENT - THANK YOU,INTERNET PAYMENT - THANK YOU,21.0,credit,Credit Card Payment,Discover,,
5/14/2019,THE FAIRMONT MIRAMAR F/B SANTA MONICA CA,THE FAIRMONT MIRAMAR F/B SANTA MONICA CA,21.0,debit,Alcohol & Bars,Discover,,
5/09/2019,Transfer from Adv Plus Banking,INTERNET PAYMENT - THANK YOU,25.04,credit,Credit Card Payment,Discover,,
5/06/2019,LMU BOOKSTORE #827 LOS ANGELES CA,LMU BOOKSTORE #827 LOS ANGELES CA,2.71,debit,Books,Discover,,
5/06/2019,INTERNET PAYMENT - THANK YOU,INTERNET PAYMENT - THANK YOU,19.71,credit,Credit Card Payment,Discover,,
5/05/2019,Subway,SUBWAY 00118125255 WEST CHESTER CA,22.33,debit,Fast Food,Discover,,
5/03/2019,INTERNET PAYMENT - THANK YOU,INTERNET PAYMENT - THANK YOU,12.91,credit,Credit Card Payment,Discover,,
5/02/2019,Subway,SUBWAY 00118125255 WEST CHESTER CA,19.71,debit,Fast Food,Discover,,
4/28/2019,Togo's,TOGOS - WESTCHESTER LOS ANGELES CA,12.91,debit,Restaurants,Discover,,
4/26/2019,INTERNET PAYMENT - THANK YOU,INTERNET PAYMENT - THANK YOU,38.84,credit,Credit Card Payment,Discover,,
4/24/2019,263 BOWLERO 8003425263 LOS ANGELES CA,263 BOWLERO 8003425263 LOS ANGELES CA,38.84,debit,Entertainment,Discover,,
4/22/2019,INTERNET PAYMENT - THANK YOU,INTERNET PAYMENT - THANK YOU,30.09,credit,Credit Card Payment,Discover,,
4/22/2019,To make you happy,To make you happy,7.0,credit,Income,Venmo,,
4/21/2019,I will regret two later,I will regret two later,4.0,credit,Income,Venmo,,
4/21/2019,Cookies,Cookies,4.0,credit,Income,Venmo,,
4/21/2019,Cookies,Cookies,2.0,credit,Income,Venmo,,
4/21/2019,Lockdown Osiris brews,Lockdown Osiris brews,11.5,credit,Income,Venmo,,
4/20/2019,Thx,Thx,2.0,credit,Income,Venmo,,
4/19/2019,Martin Gonzales,SQ *MARTIN GONZALEZ INGLEWOOD CA000115292150852607,27.6,debit,Business Services,Discover,,
4/18/2019,Lockdown Osiris brews,Lockdown Osiris brews,11.5,credit,Income,Venmo,,
4/16/2019,May rent,May rent,975.0,debit,Mortgage & Rent,Venmo,,
4/15/2019,INTERNET PAYMENT - THANK YOU,INTERNET PAYMENT - THANK YOU,92.39,credit,Credit Card Payment,Discover,,
4/15/2019,LMU BOOKSTORE #827 LOS ANGELES CA,LMU BOOKSTORE #827 LOS ANGELES CA,2.49,debit,Books,Discover,,
4/13/2019,Cabo,Cabo,20.0,credit,Income,Venmo,,
4/13/2019,Cabo Cantina,Cabo cantina,36.6,debit,Alcohol & Bars,Venmo,,
4/12/2019,LMU MAIL DISTRIBUTION LOS ANGELES CA,LMU MAIL DISTRIBUTION LOS ANGELES CA,0.55,debit,Shipping,Discover,,
4/11/2019,LMU BOOKSTORE #827 LOS ANGELES CA,LMU BOOKSTORE #827 LOS ANGELES CA,89.35,debit,Books,Discover,,
4/09/2019,"Shirt, Elias Rodkey, large","Shirt, Elias Rodkey, large",10.0,debit,Charity,Venmo,,
4/08/2019,LMU BOOKSTORE #827 LOS ANGELES CA,LMU BOOKSTORE #827 LOS ANGELES CA,2.49,debit,Books,Discover,,
4/08/2019,Bark,Bark,6.5,debit,Pet Food & Supplies,Venmo,,
4/08/2019,INTERNET PAYMENT - THANK YOU,INTERNET PAYMENT - THANK YOU,26.0,credit,Credit Card Payment,Discover,,
4/07/2019,Sashes,Sashes,14.4,debit,Charity,Venmo,,
4/06/2019,Takos,Takos,17.83,credit,Income,Venmo,,
4/06/2019,"Water, power, gas, trash, internet","Water, power, gas, trash, internet",146.25,debit,Utilities,Venmo,,
4/06/2019,Food,Food,18.83,credit,Income,Venmo,,
4/06/2019,Comida,Comida,16.6,credit,Income,Venmo,,
4/06/2019,TST*BREWPORT EL SEGUNDO CA,TST*BREWPORT EL SEGUNDO CA,26.0,debit,Alcohol & Bars,Discover,,
4/05/2019,INTERNET PAYMENT - THANK YOU,INTERNET PAYMENT - THANK YOU,23.93,credit,Credit Card Payment,Discover,,
4/02/2019,Subway haha,Subway haha,12.0,credit,Income,Venmo,,
4/02/2019,Tent snacks,Tent snacks,4.0,credit,Income,Venmo,,
4/01/2019,Champs Sports,Champ,12.0,debit,Sporting Goods,Venmo,,
4/01/2019,Zip zip,Zip zip,33.0,credit,Income,Venmo,,
4/01/2019,Transfer from Adv Plus Banking,Subway,10.0,credit,Transfer,Venmo,,
4/01/2019,Pantheon tent snack,Pantheon tent snack,11.0,credit,Income,Venmo,,
3/31/2019,Clippers,Clippers,30.85,debit,Personal Care,Venmo,,
3/31/2019,McDonald's,MCDONALD'S F17115 MARINA DL REYCA,14.64,debit,Fast Food,Discover,,
3/30/2019,7-Eleven,7-ELEVEN 29677 SIMI VALLEY CA,9.29,debit,Fast Food,Discover,,
3/29/2019,Did you see I put 69 cents,Did you see I put 69 cents,1.69,credit,Income,Venmo,,
3/28/2019,INTERNET PAYMENT - THANK YOU,INTERNET PAYMENT - THANK YOU,11.93,credit,Credit Card Payment,Discover,,
3/25/2019,GETADBLOCK.COM 317-537-7237 GA,GETADBLOCK.COM 317-537-7237 GA,5.0,debit,Electronics & Software,Discover,,
3/25/2019,Transfer from Adv Plus Banking,INTERNET PAYMENT - THANK YOU,10.94,credit,Credit Card Payment,Discover,,
3/25/2019,HABIT BURGE24088973579 LOS ANGELES CA,HABIT BURGE24088973579 LOS ANGELES CA,6.93,debit,Fast Food,Discover,,
3/22/2019,PHO SHOW CULVER CITY CA,PHO SHOW CULVER CITY CA,10.94,debit,Restaurants,Discover,,
3/21/2019,$10 internet $5 light bulbs,$10 internet $5 light bulbs,15.0,debit,Internet,Venmo,,
3/20/2019,SMALL BALANCE CREDIT,SMALL BALANCE CREDIT,0.01,credit,Credit Card Payment,Discover,,
3/17/2019,April rent,April rent,975.0,debit,Mortgage & Rent,Venmo,,
3/17/2019,Kickback brews,Kickback brews,7.5,credit,Income,Venmo,,
3/16/2019,Toss,Toss,4.0,credit,Income,Venmo,,
3/16/2019,Kickback brews,Kickback brews,7.5,credit,Income,Venmo,,
3/16/2019,Kickback brews,Kickback brews,7.5,credit,Income,Venmo,,
3/16/2019,Subs,Subs,6.5,credit,Income,Venmo,,
3/16/2019,Subway,Subway,6.5,credit,Income,Venmo,,
3/16/2019,Brws,Brws,45.0,debit,Alcohol & Bars,Venmo,,
3/16/2019,Vroom Vroom,Vroom vroom,27.0,credit,Income,Venmo,,
3/15/2019,Internet Thank You,INTERNET PAYMENT - THANK YOU,25.9,credit,Credit Card Payment,Discover,,
3/14/2019,Kbbq,Kbbq,26.8,debit,Restaurants,Venmo,,
3/13/2019,Hotel Bahia Cabo,HOTEL BAHIA CABO SAN LUCAMEX,0.01,debit,Hotel,Discover,,
3/13/2019,Internet Thank You,INTERNET PAYMENT - THANK YOU,14.21,credit,Credit Card Payment,Discover,,
3/12/2019,Artes Diana Bcsmex,ARTES DIANA LOS CABOS BCSMEX500.00 @ 00000000.0518,25.9,debit,Restaurants,Discover,,
3/10/2019,Block,Block,5.0,debit,Restaurants,Venmo,,
3/08/2019,Chick-Fil-A,CHICK-FIL-A #03331 CULVER CITY CA,7.1,debit,Fast Food,Discover,,
3/07/2019,Coinage,Coinage,10.0,debit,ATM Fee,Venmo,,
3/06/2019,Last Cabo But,last cabo payment   but,100.0,credit,Reimbursement,Venmo,,
3/03/2019,Brnch,Brnch,15.5,debit,Restaurants,Venmo,,
3/03/2019,Sunset,Sunset,7.75,credit,Income,Venmo,,
3/02/2019,Subway,SUBWAY 00118125255 WEST CHESTER CA,7.11,debit,Fast Food,Discover,,
3/01/2019,Gas Bill,Gas bill,25.58,debit,Gas & Fuel,Venmo,,
2/26/2019,Internet Thank You,INTERNET PAYMENT - THANK YOU,3.33,credit,Credit Card Payment,Discover,,
2/25/2019,Transfer from Adv Plus Banking,INTERNET PAYMENT - THANK YOU,67.6,credit,Credit Card Payment,Discover,,
2/25/2019,T Minus Days,t-minus 12 days,100.0,credit,Income,Venmo,,
2/25/2019,Costco,Last Costco trip for chicken and eggs,25.0,debit,Groceries,Venmo,,
2/24/2019,Comida,Comida,6.5,credit,Income,Venmo,,
2/23/2019,Ralphs,RALPHS #0209 LOS ANGELES CA,3.33,debit,Groceries,Discover,,
2/23/2019,Oooooober,OOOOOOBER,16.0,credit,Income,Venmo,,
2/23/2019,Mcd,McD,11.5,debit,Restaurants,Venmo,,
2/23/2019,Banana Fund,Banana fund,60.0,debit,Groceries,Venmo,,
2/22/2019,Ber,ber,9.0,credit,Income,Venmo,,
2/21/2019,Justours Juscollege Tr,JUSTOURS/JUSCOLLEGE TR 855-458-7225 NV,40.0,debit,Tuition,Discover,,
2/20/2019,Martin Gonzales,SQ *MARTIN GONZALEZ INGLEWOOD CA000115292150843375,27.6,debit,Business Services,Discover,,
2/19/2019,Internet Thank You,INTERNET PAYMENT - THANK YOU,28.37,credit,Credit Card Payment,Discover,,
2/19/2019,Internet,Internet,10.0,debit,Internet,Venmo,,
2/17/2019,McDonald's,MCDONALD'S F17115 MARINA DL REYCA,14.31,debit,Fast Food,Discover,,
2/16/2019,Bergers Berws,Bergers and berws,8.0,debit,Restaurants,Venmo,,
2/16/2019,March Rent,March rent,975.0,debit,Mortgage & Rent,Venmo,,
2/16/2019,Shirt,Shirt,11.0,debit,Clothing,Venmo,,
2/15/2019,KFC,KFC E791008 LOS ANGELES CA,8.51,debit,Fast Food,Discover,,
2/15/2019,Internet Thank You,INTERNET PAYMENT - THANK YOU,4.39,credit,Credit Card Payment,Discover,,
2/14/2019,Lmu Lion Cafe,LMU-LION'S CAFE LOS ANGELES CA,5.55,debit,Restaurants,Discover,,
2/12/2019,Thank You,Thank you!!!,4.0,debit,Coffee Shops,Venmo,,
2/11/2019,Lmu Bookstore,LMU BOOKSTORE #827 LOS ANGELES CA,4.39,debit,Books,Discover,,
2/09/2019,Water Power Trash,"Water, power, trash",94.44,debit,Utilities,Venmo,,
2/09/2019,Macdoughnulds,Macdoughnulds,9.5,debit,Restaurants,Venmo,,
2/09/2019,Juliett Odell Paid,Juliett Odell Paid Eli Rodkey,200.0,credit,Reimbursement,Venmo,,
2/08/2019,Claw,Claw,5.0,debit,Restaurants,Venmo,,
2/07/2019,Transfer from Adv Plus Banking,INTERNET PAYMENT - THANK YOU,30.0,credit,Credit Card Payment,Discover,,
2/05/2019,Paste,Paste,5.0,debit,Restaurants,Venmo,,
2/03/2019,El Cid La,EL CID - LA LOS ANGELES CA,30.0,debit,Restaurants,Discover,,
1/29/2019,Spring Dues,Spring 2019 dues,510.0,debit,Bills & Utilities,Venmo,,
1/29/2019,Internet Thank You,INTERNET PAYMENT - THANK YOU,45.36,credit,Credit Card Payment,Discover,,
1/28/2019,Gas Bill,Gas bill,20.89,debit,Utilities,Venmo,,
1/27/2019,Erthang,erthang,15.0,credit,Income,Venmo,,
1/27/2019,Brews,Brews,7.0,credit,Income,Venmo,,
1/27/2019,Good Stuff,The good stuff,12.0,credit,Income,Venmo,,
1/26/2019,Beer,Beer,7.0,credit,Income,Venmo,,
1/25/2019,Eggs,Eggs and,23.0,debit,Groceries,Venmo,,
1/21/2019,Malibu Farm Cafe,SQ *MALIBU FARM CAFE MALIBU CA00011529215083931816,20.78,debit,Restaurants,Discover,,
1/19/2019,Loko,Loko,2.0,credit,Income,Venmo,,
1/19/2019,Loko,Loko,5.0,credit,Income,Venmo,,
1/19/2019,Loko,Loko,2.0,credit,Income,Venmo,,
1/18/2019,Internet,Internet,10.0,debit,Internet,Venmo,,
1/17/2019,Loyola Marymt Unv,LOYOLA MARYMT UNV - C ST LOS ANGELES CA,8.4,debit,Fast Food,Discover,,
1/17/2019,Century Theaters,CENTURY MARINA LIQUOR LOS ANGELES CA,16.18,debit,Movies & DVDs,Discover,,
1/17/2019,I Luhhh You,I luhhh you,240.0,debit,Babysitter & Daycare,Venmo,,
1/16/2019,Internet Thank You,INTERNET PAYMENT - THANK YOU,19.55,credit,Credit Card Payment,Discover,,
1/14/2019,February Rent,February rent,975.0,debit,Mortgage & Rent,Venmo,,
1/14/2019,Toilet Paper Trash,"Toilet paper, trash bags, cleaning wipes, 409 cleaner",6.75,debit,Home Services,Venmo,,
1/13/2019,Vons,VONS STORE 4021 LOS ANGELES CA,19.55,debit,Groceries,Discover,,
1/13/2019,Internet Thank You,INTERNET PAYMENT - THANK YOU,24.88,credit,Credit Card Payment,Discover,,
1/13/2019,Wangs,Wangs,15.5,debit,Restaurants,Venmo,,
1/09/2019,Arco,ARCO#83558HADI MINI MARK TACOMA WA,24.88,debit,Gas & Fuel,Discover,,
1/08/2019,Break,break,16.5,credit,Reimbursement,Venmo,,
1/04/2019,Do Something Fun,do something fun tonight kid,24.0,credit,Reimbursement,Venmo,,
1/03/2019,Thank Yewww,Thank yewww,12.0,credit,Reimbursement,Venmo,,
1/03/2019,Couvtown,Couvtown,11.33,credit,Reimbursement,Venmo,,
1/03/2019,Nye,NYE,11.33,credit,Reimbursement,Venmo,,
1/03/2019,Couv,Couv,10.0,debit,Restaurants,Venmo,,
1/01/2019,Hey,HEY,11.33,credit,Reimbursement,Venmo,,
12/29/2018,Gas Bill,Gas bill,20.06,debit,Gas & Fuel,Venmo,,
12/18/2018,Internet,Internet,10.0,debit,Internet,Venmo,,
12/15/2018,January Rent,January rent,975.0,debit,Mortgage & Rent,Venmo,,
12/09/2018,Months Water Power,2 months of water and power,145.24,debit,Utilities,Venmo,,
12/04/2018,Gas Bill,Gas bill,18.47,debit,Gas & Fuel,Venmo,,
12/02/2018,Eli Rodkey Paid,Eli Rodkey Paid Juliett Odell,50.0,debit,Restaurants,Venmo,,
12/02/2018,Brews Roc,Brews and Roc,15.0,debit,Alcohol & Bars,Venmo,,
11/30/2018,Airbnb,Air bnb shenanigans,6.0,debit,Hotel,Venmo,,
11/29/2018,Couv Town Usa,Couv town USA,39.0,debit,Vacation,Venmo,,
11/26/2018,Education,Education,5.0,debit,Books & Supplies,Venmo,,
11/21/2018,Red Dead,Red dead,20.0,credit,Reimbursement,Venmo,,
11/19/2018,Internet,Internet,10.0,debit,Internet,Venmo,,
11/17/2018,Apple Juice,Apple juice,9.5,credit,Reimbursement,Venmo,,
11/17/2018,Friday's,Friday nights,18.5,debit,Alcohol & Bars,Venmo,,
11/15/2018,December Rent,December rent,975.0,debit,Mortgage & Rent,Venmo,,
11/15/2018,Red Dead,Red dead,20.0,credit,Reimbursement,Venmo,,
11/11/2018,Kettle,Kettle,22.0,credit,Reimbursement,Venmo,,
11/09/2018,Gas Bill,Gas bill,18.46,debit,Utilities,Venmo,,
11/05/2018,Mcds,Mcds,9.0,credit,Reimbursement,Venmo,,
11/04/2018,Jared Swenson Paid,Jared Swenson Paid Eli Rodkey,7.0,credit,Reimbursement,Venmo,,
11/03/2018,Halloween Candy,Halloween candy,3.5,debit,Fast Food,Venmo,,
10/29/2018,Change,Change,5.0,debit,Fast Food,Venmo,,
10/28/2018,Kettle,Kettle,15.0,credit,Reimbursement,Venmo,,
10/28/2018,Kettle,kettle !!,9.0,credit,Reimbursement,Venmo,,
10/28/2018,Loko,Loko and last 2 racks,12.0,debit,Alcohol & Bars,Venmo,,
10/28/2018,Tatum Efron,Tatum > Efron,13.0,credit,Reimbursement,Venmo,,
10/28/2018,Kettle,Kettle,22.0,credit,Reimbursement,Venmo,,
10/28/2018,I Like Party,I like to party,5.0,debit,Alcohol & Bars,Venmo,,
10/28/2018,Reagan Ricossa Paid,Reagan Ricossa Paid Eli Rodkey,9.0,credit,Charity,Venmo,,
10/27/2018,Sfl Shirt,Sfl shirt,5.0,debit,Charity,Venmo,,
10/21/2018,Internet,Internet,10.0,debit,Internet,Venmo,,
10/17/2018,Oct Rent,Oct rent,975.0,debit,Mortgage & Rent,Venmo,,
10/17/2018,Anchor Splash,Anchor splash,15.0,debit,Charity,Venmo,,
10/12/2018,Das Liquids,Das liquids,6.0,debit,Alcohol & Bars,Venmo,,
10/10/2018,Gi Alpha Chi,GI alpha chi,10.0,debit,Charity,Venmo,,
10/10/2018,Amandas Team,Amandas team,11.0,debit,Charity,Venmo,,
10/10/2018,Glsses,Glsses,1.15,debit,Restaurants,Venmo,,
